keyword,priority,region,frequency,content_angle
Saudi Vision 2030,High,KSA,As-it-happens,Market transformation and business opportunity
Saudi AI,High,KSA,As-it-happens,AI adoption and professional skills
NEOM updates,High,KSA,As-it-happens,Mega-project lessons and future industries
Saudi startups,High,KSA,Once daily,Founder and investment ecosystem insights
Riyadh tech,High,KSA,Once daily,Technology hub and talent opportunities
Saudi fintech,Medium,KSA,Once daily,Financial innovation in GCC
Saudi digital transformation,High,KSA,Once daily,Enterprise AI and automation
Saudi tourism,Medium,KSA,Once daily,Vision 2030 tourism growth
Saudi real estate,Medium,KSA,Once daily,Property and urban transformation
GCC startups,High,GCC,Once daily,Regional founder trends
Middle East AI,High,MENA,Once daily,AI market signals and career skills
UAE startups,Medium,UAE,Once daily,Startup comparisons and GCC lessons
Dubai tech,Medium,UAE,Once daily,Regional innovation signals
Middle East fintech,Medium,MENA,Once daily,Payments and digital banking trends
GCC hiring trends,Medium,GCC,Once daily,Career advice and skill demand
Saudi jobs,Medium,KSA,Once daily,Hiring and employability advice
Middle East digital transformation,High,MENA,Once daily,Enterprise modernization insights
Saudi ecommerce,Medium,KSA,Once daily,Consumer and retail growth
Saudi cybersecurity,Medium,KSA,Once daily,Security skills and business risk
Saudi construction,Medium,KSA,Once daily,Mega-project supply chain insights
